gene,tissue,PP_H4,shared_SNP,method,eQTL_source,source_PMID,source_study,notes
MUC5B,GTEx_Lung,1.00,rs35705950,coloc,GTEx_bulk_eQTL,NA,Context_specific_eQTL_2024,"Perfect colocalization; PP4=1.00 in GTEx lung"
MUC5B,Lung_IPF_cases,0.96,rs35705950,eCAVIAR,IPF_lung_eQTL,35816432,Borie_2022_AJRCCM,"Strong colocalization in IPF lung cases"
MUC5B,Lung_controls,1.00,rs35705950,eCAVIAR,Control_lung_eQTL,35816432,Borie_2022_AJRCCM,"Perfect colocalization in control lung"
MUC5B,Lung_IPF_cases_mQTL,0.99,rs35705950,eCAVIAR,IPF_lung_mQTL_cg17589883,35816432,Borie_2022_AJRCCM,"DNA methylation QTL colocalization"
MUC5B,Lung_controls_mQTL,0.97,rs35705950,eCAVIAR,Control_lung_mQTL_cg17589883,35816432,Borie_2022_AJRCCM,"DNA methylation QTL colocalization"
MUC5B,Lung_epithelial_scRNA,colocalized,rs35705950,coloc,scRNA_eQTL,NA,Natri_2024_NatGenet,"Cell-type-specific in epithelial cells; PP>0.6"
DSP,Lung_controls,1.00,rs2076295,eCAVIAR,Control_lung_eQTL,35816432,Borie_2022_AJRCCM,"Strong colocalization in control lung"
DSP,Lung_IPF_cases,0.66,rs2076295,eCAVIAR,IPF_lung_eQTL,35816432,Borie_2022_AJRCCM,"Moderate in cases; possible disease-state effect"
DSP,Lung_IPF_cases_mQTL,0.89,rs2076295,eCAVIAR,IPF_lung_mQTL_cg08964675,35816432,Borie_2022_AJRCCM,"mQTL colocalization stronger in cases"
DSP,Lung_controls_mQTL,0.70,rs2076295,eCAVIAR,Control_lung_mQTL_cg08964675,35816432,Borie_2022_AJRCCM,"mQTL colocalization in controls"
DSP,Lung_epithelial_scRNA,colocalized,rs2076295,coloc,scRNA_eQTL,NA,Natri_2024_NatGenet,"Cell-type-specific in epithelial cells; PP>0.6"
DPP9,GTEx_Fibroblasts,0.968,rs2277732,coloc,GTEx_fibroblast_eQTL,39876559,Dalapati_2025_HGGAdvances,"Published PP4=0.968 (HGG Advances PMID:39876559; earlier medRxiv version reported 0.989); conditionally independent eQTL in fibroblasts (r2=0.95 with rs12610495); rs12610495-G decreases DPP9 expression (slope=-0.212 IPF cases p=1.96e-2; slope=-0.074 controls p=0.526 NS)"
DPP9,Lung_IPF_cases,0.874,rs12462642,coloc,IPF_lung_eQTL,39876559,Dalapati_2025_HGGAdvances,"Published PP4=0.874 for IPF GWAS in Borie 2022 IPF lung eQTL data; also 0.873 for COVID-19 GWAS; DPP9 decreased in AT2 cells and monocytes in IPF scRNA-seq but INCREASED in myofibroblasts"
DPP9,Lung_controls,0.661,rs758510,coloc,Control_lung_eQTL,35816432,Borie_2022_AJRCCM,"Moderate colocalization in controls"
ATP11A,Whole_blood,0.621,rs9577395,coloc,GTEx_blood_eQTL,NA,Context_specific_eQTL_2024,"Modest colocalization with IPF GWAS in blood"
ATP11A,Lung_smokers_eQTL,0.996,rs7998551,coloc,Lung_eQTL_smokers,NA,Context_specific_eQTL_2024,"Very strong colocalization in smoker lung eQTL"
ATP11A,BLUEPRINT_Monocytes,0.994,rs9577175,coloc,BLUEPRINT_monocyte_eQTL,NA,Context_specific_eQTL_2024,"Strong colocalization in monocytes"
KANSL1,Lung_multi_cell_scRNA,>0.60,NA,coloc,scRNA_eQTL,NA,Natri_2024_NatGenet,"Single-cell eQTL colocalization; 17q21 inversion region"
NTN4,GTEx_Lung,0.649,rs7957346,coloc,GTEx_lung_eQTL,39974050,Chin_2025_medRxiv,"Novel 12q23.1 locus; highest coloc probability for NTN4 expression in lung; splice QTL support; below 0.8 threshold but biologically plausible"
NTN4,Lung_sQTL,colocalized,rs7957346,sQTL_coloc,LTRC_lung_sQTL,NA,COPD_sQTL_2024_medRxiv,"Top-5 splice QTL colocalization in lung tissue (shared COPD-IPF architecture); alternative splicing of NTN4 genetically driven in lung"
MUC1,eQTLGen_Blood,0.616,rs9426886,coloc,Blood_eQTL,39974050,Chin_2025_medRxiv,"Novel 1q22 locus; risk allele increases MUC1 expression; MUC1-CT is functional driver of fibrosis (EMT/FMT via TGFβ1/β-catenin/Smad); MUC1 KO mice protected from bleomycin fibrosis"
MUC1,Lung_AT2_scRNA,colocalized,rs9426886,coloc,scRNA_eQTL_AT2,38548990,Natri_2024_NatGenet,"Cell-type-specific sc-eQTL colocalizes with IPF GWAS meta-analysis in AT2 cells, transitional AT2 cells, and AT1 cells; also colocalizes with UKBB IPF GWAS and EAS IPF GWAS in AT2 cells; PP>0.6; directly implicates alveolar epithelial cells where MUC1-CT bioactivation drives fibrosis"
MUC1,Blood_mQTL,colocalized,cg15699386,SMR_coloc,Blood_mQTL,NA,SciRep_2025_OxStress_MR,"DNA methylation QTL colocalization; cg15699386 OR=0.6 (95% CI 0.43-0.83); oxidative stress-related gene panel; validated in gene expression analysis"
DPP9,IPF_COVID_shared,colocalized,rs12610495,coloc,IPF+COVID_GWAS,NA,eBioMedicine_2025_Kousathanas,"Shared causal variant for IPF and severe COVID-19; G allele decreases DPP9 expression in fibroblasts and IPF lungs; confirmed in 100kGP WGS + meta-analysis (n=11700 cases)"
