rsID,chr,pos_GRCh38,effect_allele,other_allele,beta_or_OR,p_value,nearest_gene,locus,pathway,discovery_study,source_PMID,novel_in_study,notes
rs35705950,11,1219991,T,G,4.11,1.12e-66,MUC5B,11p15.5,Host defense / mucociliary,Seibold 2011,21460842,No,"Strongest IPF risk variant; promoter variant; OR=4.11 in Allen 2017; explains 5.9-9.4% disease liability"
rs2736100,5,1286401,A,C,1.25,2.2e-14,TERT,5p15.33,Telomere maintenance,Fingerlin 2013,23583980,No,"Telomerase reverse transcriptase; intronic variant"
rs6793295,3,169800667,C,T,1.31,8.9e-09,TERC,3q26.2,Telomere maintenance,Fingerlin 2013,23583980,No,"Near TERC (telomerase RNA component) / LRRC34"
rs2609255,4,88890044,G,T,1.27,2.2e-11,FAM13A,4q22.1,Signaling,Fingerlin 2013,23583980,Yes,"Family with sequence similarity 13 member A"
rs2076295,6,7562999,G,T,1.44,7.81e-28,DSP,6p24.3,Cell-cell adhesion / barrier,Fingerlin 2013,23583980,Yes,"Desmoplakin; risk allele decreases DSP expression"
rs2897075,7,100032719,T,C,1.15,3.2e-08,ZKSCAN1,7q22.1,Unknown,Fingerlin 2013,23583980,Yes,"Zinc finger with KRAB and SCAN domains 1"
rs11191865,10,103913084,A,G,1.15,2.4e-08,OBFC1,10q24.33,Telomere maintenance,Fingerlin 2013,23583980,Yes,"Also known as STN1 (CST complex subunit)"
rs1278769,13,112882313,G,A,1.25,6.7e-09,ATP11A,13q34,Phospholipid transport,Fingerlin 2013,23583980,Yes,"ATPase phospholipid transporting 11A"
rs2034650,15,40425103,A,G,1.15,1.5e-08,IVD,15q14-15,Unknown,Fingerlin 2013,23583980,Yes,"Isovaleryl-CoA dehydrogenase locus"
rs12610495,19,4717660,G,A,1.33,1.7e-12,DPP9,19p13.3,Cell-cell adhesion / barrier,Fingerlin 2013,23583980,Yes,"Dipeptidyl peptidase 9; also linked to NLRP1 inflammasome"
rs111521887,11,1291476,G,C,0.78,3.8e-08,TOLLIP,11p15.5,Host defense / innate immunity,Noth 2013,24429156,Yes,"Toll-interacting protein; independent from MUC5B"
rs62025270,15,85756967,A,G,1.27,1.32e-09,AKAP13,15q25.3,Rho-GTPase signaling,Allen 2017,29066090,Yes,"A-kinase anchoring protein 13; risk allele increases AKAP13 expression in lung"
rs78238620,3,44860894,A,T,1.58,5.12e-10,KIF15,3p21.31,Spindle assembly,Allen 2020,31710517,Yes,"Kinesin family member 15; low-frequency (MAF=5%); risk allele decreases KIF15 expression"
rs12699415,7,1869843,G,A,1.28,7.15e-13,MAD1L1,7p22.3,Spindle assembly,Allen 2020,31710517,Yes,"Mitotic arrest deficient 1 like 1; risk allele decreases MAD1L1 expression"
rs28513081,8,119921886,G,A,0.82,1.20e-09,DEPTOR,8q24.12,mTOR signaling,Allen 2020,31710517,Yes,"DEP domain containing MTOR interacting protein; risk allele decreases DEPTOR expression"
rs79684490,10,109470103,A,G,1.40,3.52e-08,intergenic,10q25.1,Unknown,Allen 2022,35688625,Yes,"Intergenic locus; novel in five-cohort meta-analysis"
rs12912339,15,40639510,A,G,1.30,7.41e-13,KNL1,15q15.1,Spindle assembly,Allen 2022,35688625,Yes,"Kinetochore scaffold 1; PPR>=90%"
rs74614704,16,112241,A,G,1.49,2.57e-12,NPRL3,16p13.3,mTOR signaling,Allen 2022,35688625,Yes,"Nitrogen permease regulator-like 3; component of GATOR1 complex (mTORC1 inhibitor)"
rs112087793,20,63652817,T,C,1.34,1.09e-08,STMN3,20q13.33,Spindle assembly,Allen 2022,35688625,Yes,"Stathmin 3; microtubule dynamics"
rs41308092,20,63693038,A,G,1.75,3.13e-09,RTEL1,20q13.33,Telomere maintenance,Allen 2022,35688625,Yes,"Regulator of telomere elongation helicase 1; low-frequency variant"
rs7549256,1,9107187,A,C,0.91,3.29e-09,GPR157,1p36.22,Signaling (GPCR),Partanen 2022,36777997,Yes,"G protein-coupled receptor 157; protective effect"
rs4130548,1,77998184,C,T,1.09,4.91e-08,GIPC2,1p31.1,Signaling,Partanen 2022,36777997,Yes,"Near DNAJB4/GIPC2; novel in GBMI meta-analysis"
rs76537958,4,159892716,T,A,1.29,2.94e-08,RAPGEF2,4q32.1,Signaling (Rap GTPase),Partanen 2022,36777997,Yes,"Rap guanine nucleotide exchange factor 2"
rs9380529,6,35707919,G,A,1.08,3.33e-08,FKBP5,6p21.31,Immunophilin / stress response,Partanen 2022,36777997,Yes,"FK506 binding protein 5; immunosuppressant target"
rs34288126,7,129095384,A,G,1.13,1.50e-08,intergenic,7q32.1,Unknown,Partanen 2022,36777997,Yes,"Intergenic variant at 7q32.1"
rs539683219,16,67895675,del,GGG,3.20,3.52e-09,PSKH1,16q22.1,Kinase,Partanen 2022,36777997,Yes,"Protein serine kinase H1; EAS-specific indel (MAF ~2% in EAS only)"
rs708686,19,5840608,T,C,1.11,1.08e-09,FUT6,19p13.3,Host defense / glycosylation,Partanen 2022,36777997,Yes,"Fucosyltransferase 6; Lewis antigen synthesis"
rs9426886,1,155192276,T,C,1.162,1.53e-09,MUC1,1q22,Host defense / mucin,Chin 2025,39974050,Yes,"Transmembrane mucin; OR=1.162 (95%CI 1.106-1.219); EAF=0.568; eQTL coloc PP.H4=0.616 blood; risk allele increases MUC1 expression; in TRIM46 intron; 7-SNP credible set PIP=0.208; replicated GBMI p=8.02e-3; distinct from MUC5B (chr11); pleiotropic with urate (p=1.5e-101) and haematocrit (p=4.7e-41)"
rs112271207,3,14595000,NA,NA,NA,<5e-08,SLC6A6,3p25.1,Transporter,Chin 2025,39974050,Yes,"91.6kb downstream of LSM3; MAF 6%; taurine transporter near locus; third novel signal from Chin 2025"
rs7957346,12,95866696,A,C,1.153,1.56e-08,NTN4,12q23.1,Angiogenesis / vascular / basement membrane,Chin 2025,39974050,Yes,"Netrin-4; OR=1.153 (95%CI 1.098-1.212); EAF=0.582; in 3'-UTR of SNRPF; 5-SNP credible set PIP=0.376; replicated GBMI p=4.69e-5; coloc PP.H4=0.649 lung (highest at locus); sQTL support; risk allele also decreases lung function (p=7.8e-45); NTN4 highly expressed in aberrant basaloid cells (IPF-specific; Adams 2020 SciAdv PMID:32832599); disrupts laminin-gamma1 basement membranes (NatComm PMID:27901020); anti-senescence/anti-inflammatory in ECs (PMID:33636396)"
rs116483731,5,169588475,A,G,2.87,2.4e-07,SPDL1,5q33.2,Spindle assembly checkpoint,Dhindsa 2021,33758299,Yes,"Spindly; rare missense p.Arg20Gln; combined p=2.2e-20 with FinnGen; ExWAS; antagonistic pleiotropy: IPF risk but cancer protective; gain-of-function→senescence→fibrosis; Finnish-enriched; connects with MAD1L1/KIF15/KNL1"
rs16837903,1,150574000,NA,NA,protective,<5e-08,MCL1,1q21.2,Apoptosis regulation,Kousathanas 2025,NA,Yes,"Novel protective locus; 100kGP WGS + meta-analysis (n=11700 IPF vs 1.4M controls); eBioMedicine 2025; MCL1=BCL-2 family anti-apoptotic regulator; near S100A gene cluster"
